-581.841,1801.72,2804.92,1402.46,-0,-290.92,-0,7.77708e-308
-589.881,1786.29,2800.41,1400.21,-420.738,-294.94,116.368,7.77708e-308
-595.18,1773.14,2797.69,1398.84,-420.4,-297.59,117.172,7.77708e-308
-600.585,1756.93,2794.51,1397.25,-420.151,-300.292,117.793,7.77708e-308
-604.286,1743.6,2792,1396,-419.907,-302.143,118.374,7.77708e-308
-607.603,1730.43,2789.01,1394.51,-419.686,-303.801,118.871,7.77708e-308
-611.179,1714.3,2786.06,1393.03,-419.463,-305.589,119.312,7.77708e-308
-613.696,1700.76,2784.39,1392.19,-419.241,-306.848,119.73,7.77708e-308
-617.058,1684.99,2782.53,1391.27,-419.044,-308.529,120.106,7.77708e-308
-620.045,1672.88,2781.09,1390.55,-418.859,-310.022,120.473,7.77708e-308
-624.848,1657.99,2779.1,1389.55,-418.689,-312.424,120.827,7.77708e-308
-629.546,1646.68,2777.42,1388.71,-418.523,-314.773,121.204,7.77708e-308
-635.501,1635.98,2775.29,1387.64,-418.364,-317.75,121.596,7.77708e-308
-644.594,1623.24,2772.27,1386.14,-418.205,-322.297,122.019,7.77708e-308
-653.258,1612.98,2768.83,1384.42,-418.036,-326.629,122.512,7.77708e-308
-665.328,1601.59,2763.49,1381.74,-417.855,-332.664,123.055,7.77708e-308
-677.536,1590.46,2758.62,1379.31,-417.647,-338.768,123.68,7.77708e-308
-693.961,1574.8,2751.61,1375.8,-417.42,-346.98,124.376,7.77708e-308
-708.768,1561.97,2745.07,1372.53,-417.16,-354.384,125.177,7.77708e-308
-728.729,1548.83,2736.05,1368.02,-416.876,-364.364,126.049,7.77708e-308
-746.762,1541.58,2726.49,1363.24,-416.553,-373.381,127.034,7.77708e-308
-769.094,1532.42,2714.11,1357.06,-416.192,-384.547,128.097,7.77708e-308
-787.3,1526.83,2702.76,1351.38,-415.779,-393.65,129.266,7.77708e-308
-809.419,1519.95,2686.45,1343.22,-415.329,-404.709,130.492,7.77708e-308
-827.549,1514.2,2671.91,1335.95,-414.814,-413.775,131.8,7.77708e-308
-844.932,1507.97,2655.6,1327.8,-414.252,-422.466,133.148,7.77708e-308
-866.131,1501.08,2632.02,1316.01,-413.64,-433.065,134.527,7.77708e-308
-886.24,1494.93,2605.46,1302.73,-412.943,-443.12,135.96,7.77708e-308
-903.978,1488.78,2575.08,1287.54,-412.153,-451.989,137.435,7.77708e-308
-914.474,1485.91,2555.21,1277.6,-411.26,-457.237,138.93,7.77708e-308
-927.023,1481.71,2526.99,1263.49,-410.327,-463.512,140.395,7.77708e-308
-940.223,1474.06,2488.04,1244.02,-409.318,-470.111,141.847,7.77708e-308
-949.853,1467.88,2454.33,1227.17,-408.19,-474.927,143.291,7.77708e-308
-957.977,1460.7,2418.3,1209.15,-406.976,-478.989,144.705,7.77708e-308
-966.505,1451.68,2370.04,1185.02,-405.219,-483.252,146.985,7.77708e-308
-971.964,1443.96,2328.35,1164.17,-403.263,-485.982,149.268,7.77708e-308
-976.212,1433.26,2273.92,1136.96,-401.129,-488.106,151.551,7.77708e-308
-978.703,1423.72,2227.61,1113.81,-398.763,-489.351,153.828,7.77708e-308
-979.376,1410.64,2167,1083.5,-396.198,-489.688,156.097,7.77708e-308
-979.339,1399.5,2115.56,1057.78,-393.37,-489.669,158.35,7.77708e-308
-978.476,1383.22,2048.59,1024.29,-390.323,-489.238,160.581,7.77708e-308
-975.261,1369.76,1992.88,996.442,-386.978,-487.63,162.792,7.77708e-308
-970.068,1352.17,1920.51,960.257,-383.389,-485.034,164.963,7.77708e-308
-963.413,1338.64,1859.87,929.934,-379.477,-481.707,167.084,7.77708e-308
-955.175,1323.06,1782.96,891.48,-375.299,-477.588,169.136,7.77708e-308
-947.122,1311.8,1718.54,859.272,-370.778,-473.561,171.11,7.77708e-308
-935.745,1299.61,1637.08,818.538,-365.975,-467.873,172.998,7.77708e-308
-926.358,1293.04,1572.73,786.363,-360.815,-463.179,174.763,7.77708e-308
-913.448,1286.71,1487.61,743.804,-355.378,-456.724,176.418,7.77708e-308
-902,1281.41,1419.35,709.675,-349.579,-451,177.922,7.77708e-308
-886.353,1276.37,1333.65,666.823,-343.491,-443.177,179.282,7.77708e-308
-872.812,1273.25,1265.05,632.524,-337.046,-436.406,180.448,7.77708e-308
-859.02,1272.13,1195.2,597.598,-330.319,-429.51,181.442,7.77708e-308
-840.409,1272.19,1108.66,554.329,-323.315,-420.204,182.232,7.77708e-308
-824.673,1273.81,1039.39,519.696,-315.961,-412.337,182.8,7.77708e-308
-803.736,1275.81,953.557,476.778,-308.349,-401.868,183.137,7.77708e-308
-782.539,1282.46,866.924,433.462,-300.398,-391.269,183.236,7.77708e-308
-764.879,1285.93,798.364,399.182,-292.127,-382.439,183.073,7.77708e-308
-746.214,1290.61,730.335,365.168,-283.611,-373.107,182.693,7.77708e-308
-727.281,1296.01,662.545,331.273,-274.86,-363.641,182.095,7.77708e-308
-707.133,1301.52,595.639,297.82,-265.908,-353.566,181.254,7.77708e-308
-687.033,1308.68,528.475,264.238,-256.772,-343.516,180.168,7.77708e-308
-665.927,1314.33,462.026,231.013,-247.469,-332.963,178.853,7.77708e-308
-638.611,1322.21,380.517,190.258,-237.955,-319.305,177.347,7.77708e-308
-616.934,1327.57,314.497,157.248,-228.198,-308.467,175.599,7.77708e-308
-593.8,1336.56,250.956,125.478,-218.318,-296.9,173.64,7.77708e-308
-570.265,1342.38,187.402,93.7009,-208.303,-285.132,171.482,7.77708e-308
-546.312,1348.98,124.78,62.39,-198.163,-273.156,169.132,7.77708e-308
-521.988,1355.35,63.068,31.534,-187.957,-260.994,166.585,7.77708e-308
-497.022,1361.88,2.04207,1.02103,-177.66,-248.511,163.858,7.77708e-308
-471.844,1367.84,-58.1874,-29.0937,-167.333,-235.922,160.954,7.77708e-308
-439.748,1375.3,-132.1,-66.0502,-156.943,-219.874,157.882,7.77708e-308
-413.29,1381.68,-189.688,-94.844,-146.493,-206.645,154.612,7.77708e-308
-387.448,1388.22,-246.544,-123.272,-136.015,-193.724,151.181,7.77708e-308
-360.885,1395.09,-302.295,-151.147,-125.582,1319.56,147.599,7.77708e-308
-327.844,1403.85,-370.108,-185.054,-115.15,1336.08,125.694,7.77708e-308
-301.325,1411.17,-422.88,-211.44,-104.738,1349.34,103.62,7.77708e-308
-274.912,1418.36,-474.264,-237.132,-94.3615,1362.54,81.4253,7.77708e-308
-243.437,1425.63,-536.986,-268.493,-84.1014,1378.28,59.1207,7.77708e-308
-218.487,1432.27,-585.298,-292.649,-73.849,1390.76,36.6741,7.77708e-308
-189.106,1441.65,-643.721,-321.86,-63.7473,1405.45,14.1453,7.77708e-308
-167.239,1449.86,-688.958,-344.479,-53.6725,1416.38,-8.50474,7.77708e-308
-142.105,1459.42,-743.948,-371.974,-43.779,1428.95,-31.209,7.77708e-308
-124.883,1468.22,-785.979,-392.989,-33.9459,1437.56,-53.9963,7.77708e-308
-106.701,1480.34,-836.92,-418.46,-24.3112,1446.65,-76.7931,7.77708e-308
-95.235,1491.23,-875.573,-437.786,-14.7568,1452.38,-99.618,7.77708e-308
-87.6277,1502.89,-912.703,-456.352,-5.34422,1456.19,-122.429,7.77708e-308
-81.8814,1519.67,-956.942,-478.471,3.84379,1459.06,-145.173,7.77708e-308
-82.2534,1534.4,-990.47,-495.235,12.918,1458.87,-167.857,7.77708e-308
-85.4655,1548.83,-1023.28,-511.639,21.7545,1457.27,-190.411,7.77708e-308
-94.9743,1571.5,-1060.1,-530.049,30.3463,1452.51,-212.817,7.77708e-308
-105.712,1589.1,-1088.87,-544.434,38.7939,1447.14,-235.059,7.77708e-308
-119.696,1609.87,-1114.86,-557.432,47.063,1440.15,-257.123,7.77708e-308
-140.135,1634.21,-1145.68,-572.842,55.1421,1429.93,-278.987,7.77708e-308
-158.561,1654.1,-1168.44,-584.22,63.0572,1420.72,-300.605,7.77708e-308
-178.591,1675.08,-1189.49,-594.746,70.7705,1410.7,-321.99,7.77708e-308
-205.115,1697.87,-1213.48,-606.741,78.2774,1397.44,-343.125,7.77708e-308
-228.352,1715.06,-1231.48,-615.74,85.5228,1385.82,-363.934,7.77708e-308
-253.215,1731.3,-1248.13,-624.064,92.55,1373.39,-384.471,7.77708e-308
-278.492,1746.52,-1262.91,-631.456,99.364,1360.75,-404.717,7.77708e-308
-313.372,1766,-1280.25,-640.126,105.956,1343.31,-424.667,7.77708e-308
-342.434,1781.64,-1292.32,-646.159,112.343,1328.78,-444.261,7.77708e-308
-372.641,1796.11,-1303.18,-651.589,118.504,1313.68,-463.531,7.77708e-308
-404.406,1808.47,-1313.48,-656.741,124.437,1297.8,-482.467,7.77708e-308
-445.479,1826.44,-1323.43,-661.715,130.142,1277.26,-501.057,7.77708e-308
-479.589,1838.8,-1330.75,-665.376,135.558,1260.21,-519.204,7.77708e-308
-514.631,1850.31,-1337.15,-668.574,140.744,1242.68,-536.984,7.77708e-308
-550.479,1860.94,-1341.87,-670.937,145.702,1224.76,-554.395,7.77708e-308
-596.757,1873.79,-1347.37,-673.683,150.427,1201.62,-553.246,7.77708e-308
-635.559,1882.69,-1350.6,-675.302,154.869,1182.22,-551.616,7.77708e-308
-674.223,1894.4,-1352.12,-676.06,159.086,1162.89,-549.591,7.77708e-308
-713.984,1905.26,-1352.9,-676.45,163.076,1143.01,-547.171,7.77708e-308
-765.462,1917.81,-1352.42,-676.21,166.785,1117.27,-544.319,7.77708e-308
-806.861,1929.29,-1350.51,-675.254,170.272,1096.57,-541.004,7.77708e-308
-848.622,1939.46,-1347.91,-673.957,173.484,1075.69,-537.26,7.77708e-308
-902.417,1952.52,-1343.56,-671.781,176.48,1048.79,-533.13,7.77708e-308
-945.178,1961.97,-1338.55,-669.275,179.205,1027.41,-528.522,7.77708e-308
-987.826,1971.84,-1332.84,-666.422,181.717,1006.09,-523.551,7.77708e-308
-1041.56,1984.1,-1323.81,-661.903,183.971,979.218,-518.211,7.77708e-308
-1085.14,1993.38,-1316.17,-658.083,186.008,957.429,-512.475,7.77708e-308
-1128.36,2003.99,-1306.66,-653.332,187.842,935.818,-506.43,7.77708e-308
-1171.75,2016.63,-1295.37,-647.684,189.432,914.125,-500.088,7.77708e-308
-1225.77,2031.73,-1280.07,-640.033,190.818,887.113,-493.485,7.77708e-308
-1268.3,2045.98,-1265.22,-632.61,191.985,865.848,-486.574,7.77708e-308
-1310.27,2060.09,-1249.49,-624.745,192.918,844.866,-479.462,7.77708e-308
-1351.75,2072.71,-1232.74,-616.37,193.648,824.127,-472.162,7.77708e-308
-1402.75,2090.08,-1209.54,-604.769,194.183,798.626,-464.695,7.77708e-308
-1442.14,2103.24,-1189.5,-594.751,194.474,778.928,-457.043,7.77708e-308
-1480.62,2115.81,-1168.16,-584.08,194.569,759.688,-449.264,7.77708e-308
-1527.36,2133.13,-1139.23,-569.616,194.472,736.319,-441.373,7.77708e-308
-1564.08,2144.84,-1115.53,-557.767,194.135,717.96,-433.359,7.77708e-308
-1599.51,2160.07,-1089.03,-544.514,193.608,700.247,-425.264,7.77708e-308
-1634.35,2174.06,-1062.13,-531.067,192.885,682.824,-417.104,7.77708e-308
-1676.57,2191.87,-1026.92,-513.462,191.972,661.713,-408.887,7.77708e-308
-1709.45,2205.57,-997.781,-498.891,190.821,645.276,-400.625,7.77708e-308
-1741.21,2220.26,-967.819,-483.909,189.482,629.394,-392.34,7.77708e-308
-1772.09,2233.12,-937.51,-468.755,187.958,613.957,-384.046,7.77708e-308
-1809.76,2250.38,-898.054,-449.027,186.249,595.12,-375.757,7.77708e-308
-1838.51,2263.08,-866.206,-433.103,184.315,580.743,-367.488,7.77708e-308
-1866.27,2274.71,-834.083,-417.042,182.203,566.863,-359.253,7.77708e-308
-1893.23,2287.4,-801.412,-400.706,179.917,553.386,-351.061,7.77708e-308
-1925.86,2302.08,-760.424,-380.212,177.46,537.069,-342.923,7.77708e-308
-1950.99,2313.17,-727.89,-363.945,174.792,524.505,-334.868,7.77708e-308
-1975.93,2324.49,-695.647,-347.823,171.962,512.035,-326.895,7.77708e-308
-1999.54,2336.74,-662.965,-331.483,168.978,500.228,-319.006,7.77708e-308
-2027.88,2353.66,-621.897,-310.949,165.842,486.061,-311.215,7.77708e-308
-2049.54,2365.33,-589.919,-294.959,162.521,475.229,-303.564,7.77708e-308
-2070.23,2375.51,-558.707,-279.354,159.064,464.886,-296.033,7.77708e-308
-2094.84,2389.52,-519.751,-259.875,155.477,452.579,-288.629,7.77708e-308
-2113.48,2399.51,-489.536,-244.768,151.732,443.261,-281.402,7.77708e-308
-2131.05,2409.24,-459.863,-229.931,147.873,434.477,-274.322,7.77708e-308
-2152.29,2427.98,-424.913,-212.457,143.905,423.856,-267.393,7.77708e-308
-2168.22,2430.4,-395.589,-197.795,139.819,415.89,-260.661,7.77708e-308
-2184.34,2445.96,-368.329,-184.164,135.634,407.832,-254.097,7.77708e-308
-2199.25,2454.09,-341.564,-170.782,131.369,400.375,-247.697,7.77708e-308
-2216.62,2460.86,-309.764,-154.882,127.034,391.69,-241.47,7.77708e-308
-2229.91,2472.03,-283.285,-141.642,122.623,385.044,-235.465,7.77708e-308
-2246.62,2484.32,-252.786,-126.393,118.16,376.692,-229.637,7.77708e-308
-2259.42,2494.16,-229.38,-114.69,113.629,370.289,-223.962,7.77708e-308
-2271.91,2502.72,-207.274,-103.637,109.069,364.044,-218.461,7.77708e-308
-2285.77,2516.41,-179.47,-89.7348,104.513,357.114,-213.193,7.77708e-308
-2299.56,2527.97,-153.662,-76.8312,99.922,350.219,-208.081,7.77708e-308
-2310,2538.66,-133.694,-66.8469,95.3106,345.002,-203.117,7.77708e-308
-2320.39,2548.62,-114.593,-57.2963,90.74,339.804,-198.374,7.77708e-308
-2332.56,2561.06,-91.4263,-45.7131,86.1902,333.718,-193.79,7.77708e-308
-2341.61,2570.96,-73.4643,-36.7322,81.6557,329.196,-189.348,7.77708e-308
-2352.87,2582.83,-51.933,-25.9665,77.1617,323.563,-185.061,7.77708e-308
-2361.21,2592.22,-35.1773,-17.5887,72.73,319.393,-180.962,7.77708e-308
-2371.68,2602.19,-16.0256,-8.01282,68.3545,314.16,-177.012,7.77708e-308
-2380.86,2615.59,4.81023,2.40512,64.0282,309.571,-173.191,7.77708e-308
-2388.83,2622.57,19.185,9.5925,59.7449,305.583,-169.502,7.77708e-308
-2395.83,2633.54,35.0412,17.5206,55.5756,302.087,-165.992,7.77708e-308
-2404.38,2644.85,53.1589,26.5795,51.479,297.809,-162.615,7.77708e-308
-2411.02,2653.57,67.3885,33.6942,47.4461,294.489,-159.353,7.77708e-308
-2417.17,2661.66,81.2188,40.6094,43.497,291.417,-156.215,7.77708e-308
-2425.12,2672.1,97.8338,48.9169,39.6714,287.438,-153.238,7.77708e-308
-2431.26,2679.99,110.747,55.3735,35.9181,284.371,-150.364,7.77708e-308
-2438.82,2689.34,126.223,63.1113,32.2527,280.59,-147.604,7.77708e-308
-2444.8,2696.73,138.114,69.0571,28.6654,277.601,-144.942,7.77708e-308
-2450.51,2704.17,149.676,74.8379,25.2108,274.743,-142.415,7.77708e-308
-2458.31,2713.39,163.523,81.7616,21.8491,270.845,-139.985,7.77708e-308
-2464.23,2720.91,174.073,87.0364,18.5662,267.884,-137.633,7.77708e-308
-2470.2,2728.07,184.151,92.0757,15.4124,264.902,-135.394,7.77708e-308
-2477.54,2737.07,196.283,98.1415,12.3502,261.231,-133.233,7.77708e-308
-2483.7,2744.55,205.457,102.729,9.36774,258.149,-131.133,7.77708e-308
-2489.54,2751.8,214.254,107.127,6.50242,255.229,-129.124,7.77708e-308
-2497.14,2761.22,224.948,112.474,3.7304,251.428,-127.177,7.77708e-308
-2502.99,2768.74,232.884,116.442,1.03369,248.504,-125.281,7.77708e-308
-2509.01,2776.43,240.636,120.318,-1.57744,245.496,-123.44,7.77708e-308
-2515.03,2784.46,248.104,124.052,-4.07926,242.487,-121.668,7.77708e-308
-2520.97,2793.25,255.35,127.675,-6.49466,239.514,-119.94,7.77708e-308
-2528.39,2804.4,264.271,132.136,-8.80437,235.807,-118.277,7.77708e-308
-2533.62,2813.9,271.188,135.594,-11.0482,233.192,-116.647,7.77708e-308
-2539.3,2823.38,277.767,138.883,-13.2231,230.349,-115.061,7.77708e-308
-2545.07,2833.01,284.246,142.123,-15.3014,227.463,-113.525,7.77708e-308
-2552.81,2845.45,292.164,146.082,-17.2919,223.593,-112.037,7.77708e-308
-2558.35,2854.95,298.159,149.08,-19.2276,220.827,-110.565,7.77708e-308
-2563.9,2864.89,303.861,151.93,-21.1038,218.05,-109.123,7.77708e-308
-2569.71,2875.52,309.551,154.775,-22.9005,215.145,-107.721,7.77708e-308
-2577.09,2889.45,315.954,157.977,-24.6415,211.457,-106.338,7.77708e-308
-2583.11,2901.95,320.626,160.313,-26.3137,208.445,-104.979,7.77708e-308
-2589.57,2915.65,324.929,162.464,-27.931,205.217,-103.635,7.77708e-308
-2595.98,2930.21,329.065,164.533,-29.4808,202.012,-102.314,7.77708e-308
-2602.89,2945.29,332.828,166.414,-30.9547,198.557,-101.01,7.77708e-308
-2610.46,2962.93,337.186,168.593,-32.3803,194.771,-99.7131,7.77708e-308
-2617.61,2976.04,340.382,170.191,-33.7537,191.196,-98.4123,7.77708e-308
-2623.72,2988.52,343.388,171.694,-35.0593,188.141,-97.12,7.77708e-308
-2630.61,2999.48,346.089,173.045,-36.3138,184.695,-95.8309,7.77708e-308
-2638.59,3010.54,349.13,174.565,-37.5178,180.703,-94.5373,7.77708e-308
-2645.06,3018.78,351.541,175.77,-38.66,177.469,-93.2436,7.77708e-308
-2651.1,3026.33,353.683,176.841,-39.7545,174.45,-91.9478,7.77708e-308
-2658.01,3034.79,355.246,177.623,-40.7885,170.993,-90.6612,7.77708e-308
-2665.03,3043.08,356.61,178.305,-41.7754,167.486,-89.369,7.77708e-308
-2673.1,3053.68,357.718,178.859,-42.716,163.452,-88.0689,7.77708e-308
-2679.83,3061.13,358.696,179.348,-43.5987,160.083,-86.7672,7.77708e-308
-2686.33,3067.36,359.154,179.577,-44.4379,156.833,-85.4605,7.77708e-308
-2693,3071.78,359.591,179.795,-45.2334,153.501,-84.1506,7.77708e-308
-2701.07,3075.8,359.577,179.788,-45.9757,149.465,-82.8448,7.77708e-308
-2707.25,3077.31,359.434,179.717,-46.6763,146.373,-81.5274,7.77708e-308
-2713.52,3077.65,359.19,179.595,-47.3362,143.239,-80.2079,7.77708e-308
-2719.83,3077.7,358.643,179.321,-47.9463,140.086,-78.8965,7.77708e-308
-2727.47,3076.86,357.463,178.731,-48.518,136.266,-77.5824,7.77708e-308
-2733.33,3075.41,356.255,178.127,-49.049,133.334,-76.2584,7.77708e-308
-2739.01,3073.88,354.858,177.429,-49.5406,130.493,-74.9353,7.77708e-308
-2746.25,3071.19,352.593,176.296,-49.9929,126.875,-73.6139,7.77708e-308
-2751.17,3069.68,350.94,175.47,-50.3944,124.417,-72.2934,7.77708e-308
-2757.84,3068.14,348.513,174.257,-50.7569,121.081,-70.975,7.77708e-308
-2762.74,3066.96,346.409,173.205,-51.0785,118.63,-69.6505,7.77708e-308
-2767.54,3066.38,344.525,172.262,-51.361,116.228,-68.3313,7.77708e-308
-2773.65,3066.08,342.025,171.012,-51.599,113.177,-67.0299,7.77708e-308
-2777.56,3066.38,340.283,170.142,-51.7984,111.219,-65.7251,7.77708e-308
-2781.6,3067.48,338.618,169.309,-51.964,109.2,-64.4302,7.77708e-308
-2786.67,3070.01,336.314,168.157,-52.0961,106.666,-63.146,7.77708e-308
-2790.49,3072.21,334.809,167.405,-52.1886,104.756,-61.8758,7.77708e-308
-2793.35,3074.83,333.387,166.694,-52.2531,103.327,-60.619,7.77708e-308
-2796.99,3078.75,331.864,165.932,-52.2916,101.506,-59.3839,7.77708e-308
-2799.61,3082.66,330.697,165.348,-52.3043,100.195,-58.1657,7.77708e-308
-2801.92,3086.99,329.676,164.838,-52.2946,99.0383,-56.9734,7.77708e-308
-2804.2,3093.75,328.446,164.223,-52.2605,97.8988,-55.813,7.77708e-308
-2805.8,3099.34,327.528,163.764,-52.2062,97.0995,-54.6821,7.77708e-308
-2807.92,3106.63,326.106,163.053,-52.1341,96.0382,-53.5786,7.77708e-308
-2810.17,3112.84,325.491,-337.254,-52.0433,-1405.08,-52.504,7.77708e-308
-2812.2,3121.5,323.804,-338.098,-47.3904,-1406.1,-33.2823,7.77708e-308
-2814.55,3128.28,322.382,-338.809,-42.7188,-1407.27,-14.0875,7.77708e-308
-2816.21,3134.21,320.936,-339.532,-38.0311,-1408.1,5.08491,7.77708e-308
-2818.67,3143.45,318.334,-340.833,-33.3297,-1409.33,24.2255,7.77708e-308
-2820.07,3149.09,316.91,-341.545,-28.6103,-1410.03,43.3384,7.77708e-308
-2821.54,3157.87,314.805,-342.597,-23.8793,-1410.77,62.411,7.77708e-308
-2822.01,3165.38,313.205,-343.397,-19.1344,-1411.01,81.4516,7.77708e-308
-2821.05,3181.38,312.633,-343.683,-14.38,-1410.52,100.456,7.77708e-308
-2818.35,3198.12,311.98,-344.01,-9.62114,-1409.18,119.414,7.77708e-308
-2811.59,3221.11,313.427,-343.286,-4.85934,-1405.8,138.306,7.77708e-308
-2803.45,3242.09,316.112,-341.944,-0.104762,-1401.72,157.12,7.77708e-308
-2792.78,3277.1,321.118,-339.441,4.6365,-1396.39,175.847,7.77708e-308
-2775.96,3295.6,327.5,-336.25,9.35252,-1387.98,194.471,7.77708e-308
-2759.8,3321.37,335.637,-332.182,14.0342,-1379.9,212.947,7.77708e-308
-2735.98,3354.98,346.905,-326.548,18.6733,-1367.99,231.289,7.77708e-308
-2709.21,3388.08,360.723,-319.639,23.2549,-1354.61,249.453,7.77708e-308
-2685.78,3414.41,373.472,-313.264,27.7634,-1342.89,267.41,7.77708e-308
-2653.54,3444.33,389.315,-305.343,32.2065,-1326.77,285.195,7.77708e-308
-2624.93,3469.04,404.49,-297.755,36.5665,-1312.47,302.745,7.77708e-308
-2594.96,3489.98,419.895,-290.052,40.8479,-1297.48,320.092,7.77708e-308
-2555.92,3515.68,439.211,-280.395,45.0508,-1277.96,337.228,7.77708e-308
-2521.11,3532.73,456.901,-271.55,49.1545,-1260.56,354.09,7.77708e-308
-2475.65,3548.72,479.277,-260.361,53.1699,-1237.82,370.717,7.77708e-308
-2437.76,3561.51,497.067,-251.466,57.076,-1218.88,387.045,7.77708e-308
-2388.11,3574.83,519.988,-240.006,60.8907,-1194.05,403.112,7.77708e-308
-2335.84,3585.06,543.983,-228.009,64.5944,-1167.92,418.855,7.77708e-308
-2293.38,3588.04,561.321,-219.339,68.1827,-1146.69,434.264,7.77708e-308
-2236.23,3596.66,587.539,-206.23,71.6851,-1118.12,449.394,7.77708e-308
-2189.23,3599.59,607.009,-196.496,75.0631,-1094.61,464.162,7.77708e-308
-2141.87,3601.47,628.088,-185.956,78.348,-1070.94,478.63,7.77708e-308
-2093.51,3603.63,649.015,-175.493,81.5314,-1046.75,492.798,7.77708e-308
-2031.1,3605.3,675.36,-162.32,84.6156,-1015.55,506.663,7.77708e-308
-1980.95,3606.07,696.786,-151.607,87.5735,-990.476,520.136,7.77708e-308
-1930.48,3607.48,718.127,-140.936,85.8858,-965.241,515.111,7.77708e-308
-1878.95,3608.41,739.937,-130.032,84.0934,-939.475,509.767,7.77708e-308
-1814.37,3608.78,766.63,-116.685,82.1954,-907.186,504.097,7.77708e-308
-1763.23,3608.94,787.943,-106.029,80.1696,-881.613,498.025,7.77708e-308
-1711.39,3608.74,809.027,-95.4867,78.035,-855.694,491.629,7.77708e-308
-1648.54,3608.6,834.456,-82.7721,75.7981,-824.271,484.909,7.77708e-308
-1597.65,3608.14,855.08,-72.4602,73.436,-798.827,477.8,7.77708e-308
-1535.08,3607.24,879.749,-60.1257,70.973,-767.539,470.38,7.77708e-308
-1485.92,3606.55,899.115,-50.4425,68.3952,-742.96,462.586,7.77708e-308
-1424.53,3606.26,922.273,-38.8634,65.7264,-712.263,454.511,7.77708e-308
-1375.87,3604.24,940.892,-29.5538,62.9589,-687.936,446.104,7.77708e-308
-1318.09,3604.22,961.828,-19.0859,60.119,-659.045,437.452,7.77708e-308
-1272.58,3603.59,978.112,-10.9441,57.2066,-636.288,428.515,7.77708e-308
-1215.71,3603.55,997.464,-1.2681,54.2493,-607.853,419.403,7.77708e-308
-1172.09,3602,1012.54,6.27112,51.241,-586.046,410.045,7.77708e-308
-1129.06,3602.38,1026.47,13.2335,48.2154,-564.531,400.567,7.77708e-308
-1077,3601.52,1043.82,21.9122,45.1893,-538.501,390.99,7.77708e-308
-1037.52,3602.14,1056.08,28.0406,42.1422,-518.762,381.24,7.77708e-308
-988.323,3601.63,1071.49,35.7452,39.1115,-494.162,371.446,7.77708e-308
-950.647,3602.74,1082.79,41.3933,36.0796,-475.324,361.527,7.77708e-308
-906.07,3602.83,1096.37,48.1869,33.0665,-453.035,351.562,7.77708e-308
-872.18,3604.35,1105.77,52.8842,30.0794,-436.09,341.563,7.77708e-308
-830.652,3605.92,1117.87,58.9333,27.13,-415.326,331.569,7.77708e-308
-797.67,3607.97,1126.23,63.1143,24.2273,-398.835,321.599,7.77708e-308
-759.148,3610.54,1135.9,67.9487,21.3675,-379.574,311.66,7.77708e-308
-729.058,3611.72,1142.5,71.2478,18.5679,-364.529,301.787,7.77708e-308
-692.291,3615.21,1150.91,75.4572,15.8474,-346.146,292.049,7.77708e-308
-663.324,3617.13,1156.36,78.1796,13.1674,-331.662,282.345,7.77708e-308
-635.077,3618.7,1161.13,80.5632,10.5819,-317.539,272.813,7.77708e-308
-600.386,3620.27,1165.94,82.9684,8.06316,-300.193,263.394,7.77708e-308
-573.194,3622.05,1169.34,84.6723,5.61839,-286.597,254.051,7.77708e-308
-539.292,3623.99,1172.47,86.2343,3.25326,-269.646,244.837,7.77708e-308
-512.423,3626.2,1174.29,87.1472,0.993678,-256.211,235.796,7.77708e-308
-479.028,3628.84,1175.84,87.9213,-1.17681,-239.514,226.896,7.77708e-308
-452.647,3631.08,1176.52,88.2603,-3.25734,-226.323,218.099,7.77708e-308
-419.877,3633.87,1176.55,88.2743,-5.24181,-209.938,209.455,7.77708e-308
-394.143,3635.76,1176.28,88.14,-7.10507,-197.072,201.003,7.77708e-308
-368.817,3636.34,1174.99,587.496,-8.87024,-1934.41,192.706,7.77708e-308
-337.021,3638.18,1174.22,587.11,-15.0792,-1918.51,205.781,7.77708e-308
-311.887,3639.79,1173.63,586.814,-21.169,-1905.94,219.045,7.77708e-308
-281.587,3640.34,1172.21,586.103,-27.1624,-1890.79,232.464,7.77708e-308
-257.694,3640.87,1171.21,585.603,-33.0372,-1878.85,246.079,7.77708e-308
-227.373,3643.37,1170.58,585.292,-38.8194,-1863.69,259.848,7.77708e-308
-203.374,3643.44,1169.28,584.638,-44.4936,-1851.69,273.804,7.77708e-308
-172.223,3646.67,1168.13,584.063,-50.0772,-1836.11,287.911,7.77708e-308
-146.08,3648.3,1166.9,583.451,-55.5603,-1823.04,302.178,7.77708e-308
-111.991,3647.33,1165.35,582.673,-60.9639,-1806,316.563,7.77708e-308
-82.7177,3647.12,1163.78,581.891,-66.2725,-1791.36,331.086,7.77708e-308
-44.3473,3645.59,1160.99,580.497,-71.5054,-1772.17,345.696,7.77708e-308
-11.2231,3643.33,1158.36,579.178,-76.6623,-1755.61,360.334,7.77708e-308
33.282,3643.44,1155.18,577.591,-81.7284,-1733.36,375.087,7.77708e-308
70.2162,3640.65,1152,575.998,-86.7243,-1714.89,389.809,7.77708e-308
122.77,3641.81,1147.03,573.517,-91.6357,-1688.61,404.606,7.77708e-308
164.253,3639.11,1142.09,571.047,-96.4732,-1667.87,419.312,7.77708e-308
207.463,3635.18,1136.31,568.156,-101.226,-1646.27,434.038,7.77708e-308
267.306,3638.04,1128.36,564.178,-105.911,-1616.35,448.706,7.77708e-308
319.404,3632.74,1122,560.999,-110.504,-1590.3,463.264,7.77708e-308
395.536,3633.05,1108.24,554.12,-115.03,-1552.23,477.706,7.77708e-308
451.312,3631.84,1098.83,549.417,-119.45,-1524.34,491.92,7.77708e-308
508.199,3630.89,1088.4,544.201,-123.797,-1495.9,505.979,7.77708e-308
566.469,3625.43,1076.1,538.051,-128.058,-1466.77,519.915,7.77708e-308
642.409,3630.22,1061.37,530.686,-132.239,-1428.8,533.674,7.77708e-308
703.071,3621.95,1046.87,523.433,-136.331,-1398.46,547.144,7.77708e-308
766.853,3620.15,1031.97,515.984,-140.335,-1366.57,560.456,7.77708e-308
831.251,3621.79,1017.68,508.84,-144.256,-1334.37,573.547,7.77708e-308
896.646,3620.24,1001.39,500.695,-148.098,-1301.68,586.452,7.77708e-308
963.557,3620.02,984.288,492.144,-151.857,-1268.22,599.125,7.77708e-308
1030.5,3619.52,966.021,483.01,-155.532,-1234.75,611.594,7.77708e-308
1097.03,3620.52,947.502,473.751,-159.121,-1201.48,623.817,7.77708e-308
1165.14,3622.32,927.607,463.804,-162.625,-1167.43,635.836,7.77708e-308
1232.99,3624.93,907.024,453.512,-166.04,-1133.51,647.598,7.77708e-308
1300.55,3627.66,885.18,442.59,-164.822,-1099.72,637.89,7.77708e-308
1384.3,3632.73,857.7,428.85,-163.508,-1057.85,627.965,7.77708e-308
1452.21,3635.43,833.025,416.513,-162.072,-1023.9,617.685,7.77708e-308
1518.85,3639.81,808.635,404.317,-160.531,-990.575,607.178,7.77708e-308
1586.11,3645.67,783.29,391.645,-158.883,-956.946,596.411,7.77708e-308
1653.77,3648.99,755.061,377.53,-157.122,-923.113,585.42,7.77708e-308
1719.48,3652.85,727.067,363.534,-155.239,-890.258,574.164,7.77708e-308
1785.93,3656.49,698.222,349.111,-153.235,-857.034,562.7,7.77708e-308
1867.85,3660.53,660.604,330.302,-151.104,-816.077,550.99,7.77708e-308
1932.36,3663.09,630.033,315.016,-148.81,-783.82,538.991,7.77708e-308
2011.68,3665.21,592.113,296.056,-146.384,-744.161,526.779,7.77708e-308
2072.46,3667.93,559.045,279.522,-143.798,-713.769,514.318,7.77708e-308
2134.07,3669.57,527.419,263.709,-141.074,-682.965,501.69,7.77708e-308
2193.01,3671.16,493.709,246.855,-138.22,-653.497,488.958,7.77708e-308
2265.19,3671.58,454.095,227.048,-135.228,-617.406,476.092,7.77708e-308
2322.07,3672.19,421.364,210.682,-132.078,-588.963,463.108,7.77708e-308
2377.3,3670.99,388.483,194.241,-128.802,-561.351,450.03,7.77708e-308
2431.02,3670.5,355.073,177.537,-125.403,-534.492,436.879,7.77708e-308
2483.78,3669.28,323.157,161.578,-121.888,-508.111,423.766,7.77708e-308
2548.14,3667.93,283.681,141.84,-118.257,-475.93,410.649,7.77708e-308
2597.92,3667.02,253.024,126.512,-114.509,-451.04,397.603,7.77708e-308
2656.61,3665.26,215.894,107.947,-110.665,-421.697,384.593,7.77708e-308
2701.84,3666.26,187.031,93.5157,-106.699,-399.079,371.572,7.77708e-308
2746.83,3667.27,158.294,79.1472,-102.657,-376.583,358.631,7.77708e-308
2793.17,3665.9,133.396,66.6982,-98.5525,-353.415,345.877,7.77708e-308
2842.12,3666.09,101.466,50.7332,-94.4004,-328.94,333.209,7.77708e-308
2880.95,3670.02,76.8471,38.4236,-90.1708,-309.524,320.632,7.77708e-308
2915.9,3668.2,52.6056,26.3028,-85.8943,-292.052,308.209,7.77708e-308
2955.6,3672.21,21.598,10.799,-81.5816,-272.201,295.972,7.77708e-308
2988.11,3672.45,-0.129169,-0.0645846,-77.2058,-255.946,283.899,7.77708e-308
3026.48,3671.2,-26.3838,-13.1919,-72.8142,-236.761,272.034,7.77708e-308
3056.47,3668.6,-47.0897,-23.5448,-68.3874,-221.765,260.341,7.77708e-308
3083.3,3672.63,-64.3645,-32.1823,-63.957,-208.351,248.878,7.77708e-308
3109.9,3674.05,-82.4097,-41.2049,-59.5416,-195.051,237.664,7.77708e-308
3141.06,3672.44,-103.982,448.009,-55.1434,720.531,226.698,7.77708e-308
3168.29,3676.25,-117.176,441.412,-55.3176,734.146,205.142,7.77708e-308
3189.14,3679.14,-138.147,430.926,-55.544,744.571,183.833,7.77708e-308
3208.94,3681.83,-151.476,424.262,-55.7859,754.469,162.801,7.77708e-308
3231.09,3685.98,-161.379,419.31,-56.0824,765.545,142.056,7.77708e-308
3242.82,3687.35,-177.319,411.341,-56.4622,771.41,121.588,7.77708e-308
3260.93,3689.85,-186.525,406.738,-56.8968,780.467,101.446,7.77708e-308
3271.61,3689.43,-205.562,397.219,-57.4207,785.804,81.5977,7.77708e-308
3285.45,3688.79,-213.99,393.005,-58.029,792.727,62.1809,7.77708e-308
3289.68,3688.88,-230.461,384.77,-58.738,794.84,43.0712,7.77708e-308
3293.87,3690.36,-243.095,378.452,-59.5445,796.935,24.4167,7.77708e-308
3297.99,3687.84,-256.009,371.996,-60.4439,798.993,6.10513,7.77708e-308
3294.16,3680.15,-273.424,363.288,-61.4283,797.082,-11.858,7.77708e-308
3290.03,3677.94,-288.383,355.809,-62.4868,795.015,-29.4408,7.77708e-308
3286.97,3668.66,-302.797,348.602,-63.6573,793.487,-46.561,7.77708e-308
3270.2,3659.04,-327.4,336.3,-64.9111,785.099,-63.318,7.77708e-308
3257.23,3647.61,-345.789,327.106,-66.2026,778.615,-79.6386,7.77708e-308
3240.73,3632.57,-365.748,317.126,-67.5623,770.364,-95.555,7.77708e-308
3225.1,3615.03,-386.559,306.72,-68.9764,762.55,-111.052,7.77708e-308
3209.49,3594.77,-403.496,298.252,-70.4753,754.747,-126.064,7.77708e-308
3189.08,3574.69,-423.706,288.147,-72.0366,744.54,-140.679,7.77708e-308
3168.07,3550.03,-445.528,277.236,-73.6747,734.036,-154.815,7.77708e-308
3137.83,3515.52,-473.998,263.001,-75.3449,718.914,-168.55,7.77708e-308
3115.26,3482.18,-496.974,251.513,-77.0163,707.629,-181.829,7.77708e-308
3091.71,3443.55,-519.768,240.116,-78.6964,695.856,-194.69,7.77708e-308
3067.36,3402.07,-543.308,228.346,-80.4181,683.678,-207.112,7.77708e-308
3042.15,3358.24,-567.576,216.212,-82.1447,671.074,-219.151,7.77708e-308
3015.03,3310.9,-592.829,203.586,-83.8711,657.516,-230.825,7.77708e-308
2987.37,3263.43,-618.546,190.727,-85.6237,643.683,-242.094,7.77708e-308
2952.16,3204.49,-652.037,173.982,-87.3582,626.078,-252.999,7.77708e-308
2922.47,3157.54,-679.713,160.143,-89.0598,611.235,-263.457,7.77708e-308
2890.92,3109.34,-708.118,145.941,-90.7297,595.458,-273.554,7.77708e-308
2858.41,3061.04,-737.739,131.13,-92.349,579.206,-283.297,7.77708e-308
2819.73,3005.45,-773.94,113.03,-93.9157,559.866,-292.682,7.77708e-308
2786.48,2959.08,-804.562,97.719,-90.8704,543.241,-290.735,7.77708e-308
2753.56,2916.7,-834.165,82.9175,-87.7459,526.782,-288.421,7.77708e-308
2719.89,2874.36,-864.931,67.5346,-84.5822,509.946,-285.781,7.77708e-308
2685.4,2833.37,-895.127,52.4365,-81.3392,492.698,-282.817,7.77708e-308
2650.72,2794.26,-926.056,36.9722,-78.004,475.361,-279.51,7.77708e-308
2606.66,2747.51,-964.039,17.9807,-74.6007,453.33,-275.921,7.77708e-308
2570.9,2712.63,-994.53,2.73489,-71.0665,435.451,-271.956,7.77708e-308
2535.36,2679.24,-1024.81,-12.4067,-67.4803,417.68,-267.709,7.77708e-308
2498.68,2647.9,-1054.34,-27.1717,-63.7947,399.339,-263.163,7.77708e-308
2463.17,2618.79,-1083.46,-41.7285,-60.0498,381.583,-258.369,7.77708e-308
2427.66,2591.24,-1112.18,-56.0889,-56.23,363.83,-253.335,7.77708e-308
2392.55,2565.99,-1140.25,-70.1247,-52.3383,346.274,-248.06,7.77708e-308
2358.26,2541.4,-1167.64,-83.8177,-48.3982,329.132,-242.596,7.77708e-308
2324.58,2518.56,-1194.31,-97.1566,-44.4016,312.289,-236.949,7.77708e-308
2283.95,2491.3,-1226.45,-113.225,-40.3492,291.973,-231.116,7.77708e-308
2252.3,2471.54,-1250.66,-125.328,-36.2626,276.151,-225.139,7.77708e-308
2221.15,2450.34,-1275.14,-137.571,-32.1496,260.575,-219.048,7.77708e-308
2191.59,2431.78,-1297.7,-148.852,-28.016,245.796,-212.869,7.77708e-308
2162.36,2413.01,-1319.75,-159.874,-23.8744,231.182,-206.605,7.77708e-308
2134.16,2394.11,-1340.88,-170.44,-19.7096,217.08,-200.259,7.77708e-308
2099.92,2371.43,-1365.66,-182.831,-15.5407,199.958,-193.866,7.77708e-308
2073.79,2353.53,-1384.53,-192.265,-11.3582,186.893,-187.392,7.77708e-308
2047.93,2334.78,-1402.9,-201.45,-7.21946,173.963,-180.943,7.77708e-308
2024.45,2319.71,-1419.12,-209.559,-3.10162,162.226,-174.475,7.77708e-308
2001.46,2303.7,-1434.84,-217.419,0.986337,150.732,-168.006,7.77708e-308
1979.87,2288.02,-1449.31,-224.654,5.03874,139.936,-161.546,7.77708e-308
1959,2272.89,-1462.78,-231.392,9.04661,129.501,-155.108,7.77708e-308
1939.09,2258.22,-1475.67,-237.836,13.001,119.547,-148.708,7.77708e-308
1915.86,2237.8,-1490.18,-245.09,16.897,107.931,-142.355,7.77708e-308
1899.09,2224.18,-1499.77,-249.887,20.7067,99.5453,-136.074,7.77708e-308
1882.89,2208.53,-1508.93,-254.467,24.4343,91.447,-129.872,7.77708e-308
1867.33,2193.13,-1517.06,-258.53,28.0743,83.665,-123.763,7.77708e-308
1852.43,2176.14,-1524.72,-262.361,31.6167,76.2147,-117.756,7.77708e-308
1839.08,2161.86,-1530.34,-265.169,35.0294,69.5397,-111.894,7.77708e-308
1825.71,2147.02,-1535.85,-267.926,38.3283,62.8552,-106.152,7.77708e-308
1813.75,2131.68,-1540.06,-270.028,41.5178,56.8732,-100.529,7.77708e-308
1798.93,2112.82,-1544.69,-272.345,44.5866,49.4652,-95.037,7.77708e-308
1788.62,2097.53,-1547.25,-273.625,47.5391,44.312,-89.6645,7.77708e-308
1775.18,2077.37,-1550.13,-275.065,50.3627,37.5876,-84.4396,7.77708e-308
1765.67,2063.42,-1550.72,-275.359,53.0268,32.8348,-79.4003,7.77708e-308
1754.06,2044.63,-1551.42,-275.712,55.5549,27.0281,-74.5201,7.77708e-308
1745.33,2029.27,-1551.34,-275.669,57.9486,22.6656,-69.785,7.77708e-308
1736.61,2014.38,-1550.95,-275.475,60.2077,18.3073,-65.2192,7.77708e-308
1729.1,2000.09,-1549.12,-274.561,62.3326,14.5508,-60.8159,7.77708e-308
1720.36,1981.6,-1546.31,-273.154,64.3188,10.1819,-56.5822,7.77708e-308
1713.49,1968.45,-1543.67,-271.837,66.1645,6.74255,-52.5083,7.77708e-308
1707.2,1955.51,-1540.42,-270.212,67.8737,3.59998,-48.6006,7.77708e-308
1700.2,1940.33,-1535.13,-267.563,69.447,0.0987549,-44.8589,7.77708e-308
1694.54,1929.37,-1530.82,-265.412,70.8501,-2.72906,-41.321,7.77708e-308
1689.57,1919.07,-1525.65,-262.827,72.1235,-5.21448,-37.9407,7.77708e-308
1683.94,1907.78,-1518.64,-259.32,73.2622,-8.03247,-34.719,7.77708e-308
1679,1898.82,-1513.35,-256.676,74.2665,-10.5013,-31.6423,7.77708e-308
1673.63,1892.7,-1504.79,-252.395,75.1465,-13.185,-28.7128,7.77708e-308
1670.1,1886.46,-1497.8,-248.901,75.8916,-14.9497,-25.9217,7.77708e-308
1666.02,1881.69,-1490.82,-245.412,76.4922,-16.9911,-23.3168,7.77708e-308
1661.89,1878.06,-1483.19,-241.595,76.9753,-19.0572,-20.8454,7.77708e-308
1657.22,1872.83,-1474.53,-237.263,77.3403,-21.3898,-18.5058,7.77708e-308
1653.58,1869.05,-1466.47,-233.234,77.5921,-23.2101,-16.2801,7.77708e-308
1649.32,1865.02,-1458.89,-229.447,77.7359,-25.3412,-14.1718,7.77708e-308
1645.54,1860.69,-1451.25,-225.627,77.7795,-27.2278,-12.1684,7.77708e-308
1640.74,1854.5,-1441.53,-220.764,77.7271,-29.6321,-10.2686,7.77708e-308
1636.33,1849.09,-1434.19,-217.093,77.5719,-31.8343,-8.46041,7.77708e-308
1632.43,1843.29,-1426.52,-213.259,77.3174,-33.7845,-6.76629,7.77708e-308
1629.01,1836.41,-1418.61,-209.303,76.9844,-35.4955,-5.15017,7.77708e-308
1623.22,1827.84,-1409.06,-204.528,76.5738,-38.3905,-3.61147,7.77708e-308
1619.6,1820.1,-1401.29,-200.643,76.0829,-40.1983,-2.13201,7.77708e-308
1615.68,1812.17,-1393.26,-196.631,75.5218,-42.1579,-0.720948,7.77708e-308
1610.9,1801.37,-1383.1,-191.551,74.8987,-44.5508,0.632962,7.77708e-308
1606.95,1792.05,-1374.91,-187.457,74.2044,-46.5231,1.93485,7.77708e-308
1603.19,1781.88,-1366.46,-183.23,73.4538,-48.4033,3.18814,7.77708e-308
1599.14,1767.86,-1355.22,-177.61,72.6436,-50.4324,4.37443,7.77708e-308
1595.5,1754.8,-1346.31,-173.156,71.7708,-52.2491,5.52284,7.77708e-308
1592.65,1742.77,-1336.55,-168.275,70.8443,-53.6766,6.61177,7.77708e-308
1589.57,1728.92,-1323.21,-161.605,69.8708,-55.215,7.6604,7.77708e-308
1587.54,1716.26,-1313.05,-156.525,68.8335,-56.2278,8.65728,7.77708e-308
1585.45,1705.23,-1301.01,-150.503,67.7504,-57.2729,9.61357,7.77708e-308
1583.8,1694.15,-1288.91,-144.456,66.6142,-58.0977,10.5297,7.77708e-308
1582.28,1682.79,-1276.91,-138.454,65.4315,-58.8585,11.4103,7.77708e-308
1580.83,1672.65,-1263.92,-131.962,64.2069,-59.5828,12.2471,7.77708e-308
1579.47,1658.63,-1246.91,-123.455,62.9354,-60.2625,13.0511,7.77708e-308
1578.38,1646.74,-1234.11,-117.056,61.6012,-60.812,13.8252,7.77708e-308
1577.81,1636.33,-1220.31,-110.154,60.233,-61.097,14.5635,7.77708e-308
1577.72,1627.14,-1205.57,-102.787,58.8215,-61.1389,15.271,7.77708e-308
1577.28,1617.8,-1191.63,-95.8142,57.3666,-61.358,15.9488,7.77708e-308
1577.11,1605.29,-1173.67,-86.8334,55.8802,-61.447,16.5952,7.77708e-308
1577.01,1595.28,-1159.04,-79.5213,54.3362,-61.494,17.2127,7.77708e-308
1577.07,1586.08,-1144.87,-72.4337,52.7646,-61.4639,17.7983,7.77708e-308
1577.39,1575.04,-1126.77,-63.3837,51.1603,-61.304,18.3621,7.77708e-308
1577.65,1566.62,-1112.29,-56.147,49.5055,-61.1735,18.8992,7.77708e-308
1577.89,1558.07,-1098.29,-49.1439,47.8197,-61.0541,19.4097,7.77708e-308
1578.04,1548.59,-1083.88,-41.9379,46.1095,-60.9777,19.8905,7.77708e-308
1578.6,1540.69,-1065.9,-32.9514,44.3704,-60.7023,20.3483,7.77708e-308
1579,1530.84,-1052.2,-26.1002,42.5841,-60.5022,20.7769,7.77708e-308
1579.49,1524.09,-1038.03,-19.0147,40.7702,-60.257,21.1802,7.77708e-308
1579.8,1515.15,-1020.74,-10.3676,38.9361,-60.1004,21.5515,7.77708e-308
1580.23,1507.15,-1007.21,-3.60663,37.0568,-59.8849,21.8941,7.77708e-308
1580.89,1499.02,-993.808,3.09619,35.1509,-59.5556,22.2104,7.77708e-308
1580.95,1489.99,-977.323,11.3383,33.22,-59.5226,22.5021,7.77708e-308
1581.32,1483.22,-964.205,17.8975,31.2576,-59.3406,22.7582,7.77708e-308
1581.46,1476.67,-951.036,24.4821,29.2708,-59.2696,22.9903,7.77708e-308
1581.54,1469.61,-938.073,30.9634,27.2607,-59.2278,23.1977,7.77708e-308
1581.21,1461.69,-922.032,38.9842,25.2379,-59.3949,23.3756,7.77708e-308
1581.1,1454.23,-909.47,45.2648,23.1793,-59.4506,23.5316,7.77708e-308
1580.4,1447.75,-896.584,51.7082,21.1021,-59.7986,23.6655,7.77708e-308
1579.31,1438.5,-884.567,57.7165,19.0174,-60.3437,23.779,7.77708e-308
1578.37,1431.73,-868.448,65.7761,16.9185,-60.814,23.8771,7.77708e-308
1577.08,1425.44,-855.931,72.0347,14.7908,-61.4601,23.9637,7.77708e-308
1575.45,1419.61,-843.399,78.3005,12.6668,-62.2729,24.0394,7.77708e-308
1573.56,1412.6,-831.277,84.3615,10.532,-63.2205,24.1126,7.77708e-308
1571.8,1409.66,-818.318,90.8408,8.39688,-64.1025,24.1847,7.77708e-308
1568.95,1401.86,-802.997,98.5016,6.25782,-65.5226,24.2575,7.77708e-308
1566.48,1398.35,-790.101,104.949,4.10367,-66.7592,24.3383,7.77708e-308
1563.91,1394.1,-777.43,111.285,1.94993,1531.96,24.4253,7.77708e-308
1560.98,1390.28,-764.768,117.616,-0.184069,1530.49,5.12565,7.77708e-308
1557.67,1385.5,-752.129,123.936,-2.31745,1528.84,-14.1628,7.77708e-308
1553.18,1380.12,-736.288,131.856,-4.44554,1526.59,-33.4347,7.77708e-308
1548.87,1376.15,-723.846,138.077,-6.57866,1524.43,-52.6799,7.77708e-308
1542.14,1371.55,-708.265,145.867,-8.70495,1521.07,-71.9016,7.77708e-308
1535.95,1367.59,-695.993,152.003,-10.8204,1517.98,-91.0836,7.77708e-308
1526.16,1363.14,-681.019,159.49,-12.9252,1513.08,-110.229,7.77708e-308
1517.43,1359.39,-669.409,165.295,-15.0336,1508.72,-129.314,7.77708e-308
1506.74,1355.2,-658.089,170.956,-17.1125,1503.37,-148.345,7.77708e-308
1491.58,1348.34,-644.55,177.725,-19.177,1495.79,-167.309,7.77708e-308
1473.16,1340.97,-631.409,184.296,-21.2395,1486.58,-186.18,7.77708e-308
1456.41,1334.21,-621.403,189.299,-23.2962,1478.2,-204.938,7.77708e-308
1437.45,1326.88,-612.082,193.959,-25.3166,1468.72,-223.591,7.77708e-308
1411.2,1317.25,-601.082,199.459,-27.3172,1455.6,-242.127,7.77708e-308
1385.96,1309.05,-592.531,203.735,-29.3033,1442.98,-260.501,7.77708e-308
1351.64,1299.8,-582.732,208.634,-31.2497,1425.82,-278.721,7.77708e-308
1320.83,1291,-575.757,212.121,-33.1791,1410.42,-296.729,7.77708e-308
1278.61,1281.02,-567.504,216.248,-35.0793,1389.31,-314.547,7.77708e-308
1241.8,1272.7,-561.559,219.221,-36.9422,1370.9,-332.109,7.77708e-308
1202.17,1262.82,-556.662,221.669,-38.7724,1351.08,-349.445,7.77708e-308
1160.26,1253.8,-552.033,223.984,-40.565,1330.13,-366.54,7.77708e-308
1115.97,1246.01,-547.637,226.181,-42.3197,1307.98,-383.381,7.77708e-308
1057.04,1234.63,-543.058,228.471,-44.0215,1278.52,-399.955,7.77708e-308
1007.87,1225.86,-540.397,229.802,-45.687,1253.94,-416.173,7.77708e-308
943.792,1213.47,-537.829,231.085,-47.306,1221.9,-432.097,7.77708e-308
889.641,1204.67,-536.019,231.991,-48.8821,1194.82,-447.639,7.77708e-308
835.065,1194.63,-535.504,232.248,-50.3932,1167.53,-462.859,7.77708e-308
764.352,1184.17,-535.193,232.404,-51.8497,1132.18,-477.756,7.77708e-308
706.282,1177.86,-534.996,232.502,-53.2506,1103.14,-492.234,7.77708e-308
647.627,1170.27,-535.91,232.045,-54.5973,1073.81,-506.372,7.77708e-308
572.674,1159.66,-537.62,231.19,-55.881,1036.34,-520.165,7.77708e-308
511.829,1152.42,-539.411,230.294,-57.0873,1005.91,-533.52,7.77708e-308
450.287,1147.07,-541.234,229.383,-58.2268,975.143,-546.523,7.77708e-308
387.769,1139.31,-543.903,228.049,-59.3004,943.885,-539.773,7.77708e-308
309.592,1129.41,-547.889,226.055,-60.3043,904.796,-532.663,7.77708e-308
246.734,1125.14,-550.814,224.593,-61.2327,873.367,-525.099,7.77708e-308
183.623,1119.95,-553.685,223.158,-62.0757,841.811,-517.181,7.77708e-308
121.026,1114.99,-556.797,221.602,-62.8492,810.513,-508.907,7.77708e-308
43.4061,1108.04,-560.866,219.567,-63.5377,771.703,-500.294,7.77708e-308
-32.6191,1104.37,-564.051,217.974,-64.1519,733.69,-491.248,7.77708e-308
-92.5771,1099.89,-566.534,216.733,-64.6836,703.711,-481.801,7.77708e-308
-151.467,1095.12,-568.837,215.582,-65.1512,674.267,-472.044,7.77708e-308
-208.828,1088.04,-571.533,214.233,-65.5569,645.586,-461.994,7.77708e-308
-279.286,1082.43,-573.406,213.297,-65.8888,610.357,-451.688,7.77708e-308
-333.239,1078.63,-574.638,212.681,-66.1524,583.381,-441.068,7.77708e-308
-386.634,1072.22,-575.642,212.179,-66.365,556.683,-430.221,7.77708e-308
-450.279,1064.28,-576.308,211.846,-66.5306,524.86,-419.166,7.77708e-308
-498.939,1058.46,-576.524,211.738,-66.6432,500.531,-407.884,7.77708e-308
-545.658,1053.4,-576.174,211.913,-66.716,477.171,-396.461,7.77708e-308
-590.494,1046.45,-575.561,212.219,-66.7458,454.753,-384.962,7.77708e-308
-633.147,1041.12,-574.261,212.869,-66.7467,433.426,-373.378,7.77708e-308
-674.238,1033.95,-572.855,213.572,-66.716,412.881,-361.792,7.77708e-308
-722.475,1026.95,-570.432,214.784,-66.6646,388.762,-350.179,7.77708e-308
-750.84,1019.99,-569.256,215.372,-66.602,374.58,-338.515,7.77708e-308
-794.819,1013.13,-566,217,-66.5237,352.59,-326.932,7.77708e-308
-828.907,1007.52,-563.993,218.004,-66.4403,335.547,-315.352,7.77708e-308
-861.716,999.132,-562.071,218.965,-66.3451,319.142,-303.922,7.77708e-308
-892.874,993.931,-559.493,220.253,-66.2466,303.563,-292.591,7.77708e-308
-922.442,990.581,-556.566,221.717,-66.1481,288.779,-281.46,7.77708e-308
-950.643,984.885,-553.795,223.103,-66.0547,274.678,-270.477,7.77708e-308
-977.987,980.847,-551.167,224.416,-65.9716,261.006,-259.655,7.77708e-308
-1003.77,974.223,-549.085,225.457,-65.899,248.114,-249.095,7.77708e-308
-1028.29,972.722,-546.047,226.976,-65.8349,235.856,-238.731,7.77708e-308
-1051.3,969.593,-543.555,228.223,-65.7889,224.35,-228.574,7.77708e-308
-1073.32,966.53,-541.157,229.421,-65.7619,213.338,-218.732,7.77708e-308
-1095.14,960.641,-539.384,230.308,-65.7539,202.432,-209.125,7.77708e-308
-1119.4,959.454,-536.083,231.958,-65.7624,190.302,-199.759,7.77708e-308
-1143.19,952.817,-534.291,232.854,-65.7979,178.403,-190.625,7.77708e-308
-1161.28,951.145,-532.533,233.733,-65.8597,169.359,-181.82,7.77708e-308
-1174.27,949.553,-531.574,234.213,-65.9428,162.863,-173.286,7.77708e-308
-1190.59,944.005,-531.265,234.367,-66.0433,154.705,-165.057,7.77708e-308
-1206.93,943.2,-529.467,235.266,-66.1594,146.534,-157.108,7.77708e-308
-1222.3,937.06,-529.596,235.202,-66.3021,138.849,-149.53,7.77708e-308
-1240.82,936.325,-528.158,235.921,-66.4587,129.59,-142.32,7.77708e-308
-1255.3,933.709,-528.013,235.993,-66.6331,122.348,-135.36,7.77708e-308
-1271.97,930.881,-527.591,236.204,-66.8187,114.013,-128.671,7.77708e-308
-1285.66,926.203,-528.352,235.824,-67.0184,107.172,-122.227,7.77708e-308
-1297.67,923.987,-528.926,235.537,-67.2232,101.166,-116.128,7.77708e-308
-1309.44,924.948,-528.375,235.812,-67.431,95.2787,-110.283,7.77708e-308
-1323.54,921.829,-529.177,235.411,-67.6459,88.2275,-104.69,7.77708e-308
-1333.36,921.338,-529.947,235.027,-67.8601,83.3223,-99.3977,7.77708e-308
-1343.91,916.81,-532.198,233.901,-68.0718,78.0471,-94.3407,7.77708e-308
-1355,914.38,-533.269,233.365,-68.2717,72.5021,-89.5028,7.77708e-308
-1363.02,912.594,-535.287,232.356,-68.4639,68.4924,-84.8694,7.77708e-308
-1370.52,909.306,-536.335,231.833,-68.6411,64.7377,-80.446,7.77708e-308
-1378.52,908.583,-537.998,231.001,-68.8071,60.7422,-76.2261,7.77708e-308
-1384.13,905.11,-539.882,230.059,-68.9545,57.9366,-72.2501,7.77708e-308
-1388.46,903.724,-541.81,229.095,-69.088,55.7722,-68.412,7.77708e-308
-1393.13,898.561,-545.227,227.387,-69.198,53.4368,-64.8142,7.77708e-308
-1395.81,898.052,-547.008,226.496,-69.2833,52.0929,-61.3947,7.77708e-308
-1397.76,892.631,-550.482,224.759,-69.3517,51.1193,-58.1577,7.77708e-308
-1399.76,891.608,-552.822,223.589,-69.3927,50.1217,-55.0978,7.77708e-308
-1400.52,887.251,-556.806,221.597,-69.4097,49.7424,-52.205,7.77708e-308
-1401.18,881.529,-560.69,219.655,-69.396,49.4106,-49.4785,7.77708e-308
-1400.99,877.719,-564.517,217.742,-69.3527,49.5059,-46.9137,7.77708e-308
-1399.72,875.624,-568.914,215.543,-69.2826,50.139,-44.5063,7.77708e-308
-1398.7,872.606,-573.1,213.45,-69.1787,50.6489,-42.2552,7.77708e-308
-1397.86,867.057,-578.018,210.991,-69.0444,51.0692,-40.1497,7.77708e-308
-1395.32,865.913,-583.049,208.475,-68.8768,52.3381,-38.1828,7.77708e-308
-1394.3,860.281,-588.217,205.891,-68.6783,52.8516,-36.3635,7.77708e-308
-1391.49,859.026,-594.257,202.871,-68.4414,54.2543,-34.6974,7.77708e-308
-1389.94,852.937,-600.282,199.859,-68.1688,55.0322,-33.1926,7.77708e-308
-1387.24,852.569,-604.714,197.643,-67.8608,-693.622,-31.8068,7.77708e-308
-1384.74,850.002,-610.534,194.733,-67.5284,-692.368,-21.4252,7.77708e-308
-1381.97,846.834,-617.962,191.019,-67.1681,-690.983,-11.1576,7.77708e-308
-1379.02,844.655,-624.343,187.828,-66.7658,-689.511,-1.0059,7.77708e-308
-1376.53,841.115,-631.433,184.283,-66.3352,-688.264,9.03483,7.77708e-308
-1371.33,838.346,-639.321,180.339,-65.8657,-685.665,18.9482,7.77708e-308
-1366,836.396,-646.282,176.859,-65.3598,-683.001,28.7423,7.77708e-308
-1359.49,836.747,-653.169,173.415,-64.8203,-679.745,38.4031,7.77708e-308
-1352.2,834.846,-660.689,169.655,-64.2529,-676.102,47.9415,7.77708e-308
-1340.96,832.482,-670.219,164.89,-63.654,-670.481,57.3629,7.77708e-308
-1330.34,828.965,-678.39,160.805,-63.0093,-665.168,66.6449,7.77708e-308
-1318.05,826.393,-686.785,156.607,-62.331,-659.025,75.7769,7.77708e-308
-1300.14,823.276,-697.92,151.04,-61.6181,-650.068,84.7751,7.77708e-308
-1284.66,819.682,-707.627,146.187,-60.8649,-642.329,93.6007,7.77708e-308
-1268.02,816.221,-717.855,141.073,-60.0723,-634.009,102.265,7.77708e-308
-1245.6,810.679,-731.491,134.255,-59.2425,-622.8,110.781,7.77708e-308
-1226.08,807.471,-743.79,128.105,-58.3554,-613.042,119.114,7.77708e-308
-1206.21,800.728,-756.93,121.535,-57.42,-603.103,127.281,7.77708e-308
-1179.32,795.615,-774.192,112.904,-56.4334,-589.659,135.294,7.77708e-308
-1157.16,788.965,-789.431,105.284,-55.3771,-578.579,143.117,7.77708e-308
-1134.04,784.014,-804.904,97.5478,-54.2671,-567.019,150.778,7.77708e-308
-1104.49,775.547,-825.616,87.1922,-53.0948,-552.246,158.283,7.77708e-308
-1073.64,766.735,-847.768,76.1161,-51.8442,-536.822,165.596,7.77708e-308
-1048.55,760.689,-866.322,66.8388,-50.5036,-524.277,172.711,7.77708e-308
-1023.15,752.413,-885.311,57.3444,-49.0967,-511.573,179.668,7.77708e-308
-997.349,745.207,-904.811,47.5947,-47.6211,-498.674,186.468,7.77708e-308
-970.704,738.642,-924.608,37.6962,-46.0743,-485.352,193.113,7.77708e-308
-943.897,730.799,-944.987,27.5065,-44.4576,-471.948,199.604,7.77708e-308
-910.073,721.72,-970.47,14.7648,-42.7672,-455.036,205.938,7.77708e-308
-882.222,714.916,-990.87,4.56503,-40.9833,-441.111,212.073,7.77708e-308
-854.139,708.048,-1011.26,-5.62823,-39.1296,-427.069,218.054,7.77708e-308
-818.081,697.862,-1037.25,-18.6227,-37.2067,-409.041,223.871,7.77708e-308
-789.362,692.109,-1057.34,-28.6701,-35.1931,-394.681,229.487,7.77708e-308
-759.85,688.3,-1076.13,-38.0627,-33.1155,-379.925,234.938,7.77708e-308
-730.309,682.381,-1095.57,-47.7852,-30.9727,-365.154,231.135,7.77708e-308
-700.588,676.705,-1114.44,-57.2216,-28.768,-350.294,227.169,7.77708e-308
-670.948,669.842,-1132.63,-66.3171,-26.5113,-335.474,223.04,7.77708e-308
-633.383,662.039,-1154.73,-77.3658,-24.2009,-316.692,218.748,7.77708e-308
-603.305,654.44,-1172.42,-86.2089,-21.8223,-301.652,214.244,7.77708e-308
-565.702,646.261,-1193.53,-96.7626,-19.3991,-282.851,209.59,7.77708e-308
-535.172,639.351,-1210.72,-105.362,-16.9116,-267.586,204.739,7.77708e-308
-505.432,632.515,-1226.7,-113.349,-14.3773,-252.716,199.744,7.77708e-308
-468.191,625.529,-1246.59,-123.294,-11.8045,-234.096,194.612,7.77708e-308
-438.508,617.405,-1262.53,-131.267,-9.18465,-219.254,189.322,7.77708e-308
-401.589,608.712,-1282.52,-141.259,-6.52945,-200.795,183.917,7.77708e-308
-372.491,599.719,-1298.01,-149.003,-3.82158,-186.245,178.363,7.77708e-308
-336.374,590.106,-1316.64,-658.322,-1.09391,-168.187,172.741,7.77708e-308
-308.198,581.801,-1330.72,-665.359,6.2198,-154.099,166.994,7.77708e-308
-279.593,574.357,-1343.85,-671.924,13.551,-139.797,161.176,7.77708e-308
-243.304,564.361,-1359.76,-679.882,20.8799,-121.652,155.322,7.77708e-308
-214.148,556.444,-1371.02,-685.51,28.2252,-107.074,149.366,7.77708e-308
-184.035,549.43,-1380.51,-690.254,35.562,-92.0176,143.353,7.77708e-308
-153.769,540.943,-1389.19,-694.595,42.8634,-76.8844,137.321,7.77708e-308
-115.189,529.746,-1398.47,-699.233,50.1351,-57.5946,131.24,7.77708e-308
-83.3279,520.859,-1404.11,-702.055,57.3785,-41.6639,125.065,7.77708e-308
-51.4291,510.618,-1409.3,-704.648,64.5535,-25.7146,118.876,7.77708e-308
-10.9609,502.068,-1411.11,-705.553,71.6514,-5.48043,112.681,7.77708e-308
21.8482,492.719,-1411.32,-705.659,78.6731,10.9241,106.393,7.77708e-308
54.8528,484.276,-1409.12,-704.561,85.6095,27.4264,100.059,7.77708e-308
87.8951,474.753,-1405.84,-702.92,92.4473,43.9476,93.6823,7.77708e-308
128.349,465.57,-1397.89,-698.945,99.1802,64.1745,87.2665,7.77708e-308
160.667,459.338,-1389.96,-694.982,105.784,80.3337,80.7681,7.77708e-308
192.55,454.848,-1379.37,-689.686,112.237,96.2751,74.2787,7.77708e-308
231.913,449.739,-1364.09,-682.044,118.548,115.957,67.765,7.77708e-308
262.888,444.353,-1350.79,-675.394,124.697,131.444,61.1828,7.77708e-308
293.47,439.009,-1336.49,-668.245,130.668,146.735,54.6315,7.77708e-308
330.179,430.911,-1317.54,-658.772,136.482,165.089,48.0689,7.77708e-308
359.515,425.952,-1301.61,-650.804,142.125,179.757,41.4626,7.77708e-308
394.247,418.78,-1279.52,-639.76,147.607,197.123,34.8576,7.77708e-308
422.182,413.051,-1261.1,-630.549,152.903,211.091,28.2223,7.77708e-308
455.779,409.538,-1235.32,-617.659,158.032,227.889,21.5973,7.77708e-308
480.704,404.922,-1214.21,-607.105,162.944,240.352,14.9963,7.77708e-308
505.165,397.731,-1192.47,-596.234,167.679,252.582,8.42653,7.77708e-308
536.346,393.589,-1161.88,-580.941,172.22,268.173,1.93642,7.77708e-308
559.475,389.255,-1136.32,-568.158,176.543,279.737,-4.55762,7.77708e-308
587.75,382.656,-1102.68,-551.342,180.678,293.875,-11.0116,7.77708e-308
609.574,381.98,-1072.31,-536.153,184.569,304.787,-17.4113,7.77708e-308
635.588,376.658,-1034.4,-517.202,188.25,317.794,-23.7633,7.77708e-308
655.092,374.181,-1002.33,-501.165,191.668,327.546,-30.0492,7.77708e-308
674.259,373.086,-967.978,-483.989,194.869,337.129,-36.277,7.77708e-308
696.57,374.062,-923.564,-461.782,193.284,348.285,-42.402,7.77708e-308
713.842,373.854,-887.001,-443.501,191.434,356.921,-48.4915,7.77708e-308
730.562,370.647,-850.273,-425.136,189.357,365.281,-54.5123,7.77708e-308
750,371.503,-801.141,-400.57,187.041,375,-60.4145,7.77708e-308
764.698,369.946,-762.552,-381.276,184.451,382.349,-66.2579,7.77708e-308
781.132,372.018,-711.946,-355.973,181.642,390.566,-72.0078,7.77708e-308
792.922,371.69,-671.584,-335.792,178.564,396.461,-77.6738,7.77708e-308
805.576,372.82,-620.197,-310.099,175.26,402.788,-83.1775,7.77708e-308
814.678,372.867,-579.626,-289.813,171.696,407.339,-88.5648,7.77708e-308
821.967,373.84,-537.721,-268.86,167.925,410.984,-93.814,7.77708e-308
831.062,377.287,-485.328,-242.664,163.955,415.531,-98.862,7.77708e-308
836.997,377.699,-443.308,-221.654,159.746,418.498,-103.766,7.77708e-308
843.46,375.561,-391.642,-195.821,155.356,421.73,-108.507,7.77708e-308
847.631,378.299,-348.441,-174.22,150.746,423.815,-113.086,7.77708e-308
851.506,379.497,-306.016,-153.008,145.976,425.753,-117.445,7.77708e-308
855.352,380.785,-253.023,-126.512,141.049,427.676,-121.632,7.77708e-308
858.171,381.026,-211.657,-105.829,135.929,429.085,-125.649,7.77708e-308
860.194,386.229,-168.284,-84.1422,130.691,430.097,-129.444,7.77708e-308
862.51,388.903,-115.97,-57.9852,125.316,431.255,-133.064,7.77708e-308
864.2,391.044,-74.7704,-37.3852,119.768,432.1,-136.513,7.77708e-308
866.336,392.932,-23.7573,-11.8787,114.119,433.168,-139.75,7.77708e-308
867.798,394.613,16.748,8.37399,108.311,433.899,-142.821,7.77708e-308
869.407,396.344,66.5248,33.2624,102.418,434.703,-145.691,7.77708e-308
870.835,397.209,105.516,52.758,96.3838,435.418,-148.402,7.77708e-308
871.728,397.713,143.995,71.9974,90.2891,435.864,-150.917,7.77708e-308
872.703,398.03,190.809,95.4045,84.1154,436.352,-153.287,7.77708e-308
873.323,398.664,227.616,113.808,77.8278,436.661,-155.515,7.77708e-308
873.617,399.762,272.494,136.247,71.5119,436.809,-157.557,7.77708e-308
874.003,400.339,307.719,153.86,65.1082,437.001,-159.461,7.77708e-308
874.169,401.09,341.953,170.976,58.6973,437.085,-161.196,7.77708e-308
874.988,401.69,383.396,191.698,52.2688,437.494,-162.799,7.77708e-308
875.99,402.37,415.789,207.895,45.8243,437.995,-164.25,7.77708e-308
878.166,403.853,455.038,227.519,39.3783,439.083,-165.589,7.77708e-308
879.729,404.518,485.55,242.775,32.91,439.864,-166.825,7.77708e-308
882.951,406.671,521.883,260.941,26.5049,441.476,-167.935,7.77708e-308
886.476,409.04,550.075,275.038,20.1009,443.238,-168.96,7.77708e-308
890.823,411.334,577.083,288.541,13.7357,445.411,-169.905,7.77708e-308
897.195,413.711,609.465,304.732,7.47107,448.597,-170.758,7.77708e-308
903.127,416.029,634.18,317.09,1.23464,451.563,-171.561,7.77708e-308
909.737,418.407,657.543,328.772,-4.88412,454.868,-172.301,7.77708e-308
918.861,420.579,685.737,342.868,-10.9256,459.43,-173.009,7.77708e-308
926.413,422.755,706.919,353.459,-16.8617,463.206,-173.695,7.77708e-308
935.947,425.733,731.698,365.849,-22.7096,467.973,-174.372,7.77708e-308
943.237,425.74,751.452,375.726,-28.4797,471.618,-175.063,7.77708e-308
950.935,430.69,769.44,384.72,-34.1014,475.467,-175.743,7.77708e-308
960.343,434.684,791.424,395.712,-39.6139,480.171,-176.433,7.77708e-308
967.513,437.96,808.241,404.12,-44.9915,483.757,-177.142,7.77708e-308
974.315,440.962,824.446,412.223,-50.2491,487.158,-177.868,7.77708e-308
983.023,444.91,844.123,422.062,-55.3876,491.512,-178.613,7.77708e-308
989.299,448.298,858.365,429.183,-60.3746,494.649,-179.386,7.77708e-308
995.52,451.001,872.764,436.382,-65.2384,497.76,-180.181,7.77708e-308
1002.84,454.065,888.948,444.474,-69.9704,501.421,-181.001,7.77708e-308
1008.05,456.884,900.327,450.164,-74.5382,504.025,-181.852,7.77708e-308
1015.18,459.386,913.963,456.982,-78.9705,507.591,-182.724,7.77708e-308
1020.81,462.148,923.384,461.692,-83.2328,510.407,-183.626,7.77708e-308
1028.03,466.069,933.796,466.898,-87.3539,514.015,-184.553,7.77708e-308
1033.48,468.593,940.919,470.459,-91.296,516.738,-185.514,7.77708e-308
1039.19,471.296,946.937,473.468,-95.0933,519.595,-186.5,7.77708e-308
1046.21,474.889,952.533,476.266,-98.7431,523.103,-187.515,7.77708e-308
1051.88,477.769,955.159,477.58,-102.205,525.942,-188.567,7.77708e-308
1058.44,480.978,957.022,478.511,-105.512,529.222,-189.649,7.77708e-308
1062.29,482.103,957.222,478.611,-108.624,531.144,-190.769,7.77708e-308
1067.37,482.83,955.714,477.857,-111.576,533.687,-191.91,7.77708e-308
1071.82,481.366,953.891,476.945,-114.366,535.909,-193.081,7.77708e-308
1076.61,480.454,949.623,474.812,-116.959,538.304,-194.274,7.77708e-308
1080.12,479.746,945.084,472.542,-119.386,540.062,-195.49,7.77708e-308
1083.49,479.741,939.264,469.632,-121.613,541.743,-196.714,7.77708e-308
1086.88,478.771,933.586,466.793,-123.676,543.442,-197.949,7.77708e-308
1089.56,478.101,926.931,463.465,-125.547,544.778,-199.185,7.77708e-308
1092.72,477.039,919.668,459.834,-127.26,546.361,-200.415,7.77708e-308
1095.58,475.619,911.628,455.814,-128.817,547.789,-201.639,7.77708e-308
1098.15,474.008,903.067,451.533,-130.191,549.075,-202.841,7.77708e-308
1101.44,471.581,891.382,445.691,-131.413,550.719,-204.023,7.77708e-308
1103.45,469.376,881.508,440.754,-132.476,551.723,-205.185,7.77708e-308
1105.5,466.476,871.264,435.632,-133.366,552.751,-206.304,7.77708e-308
1107.78,463.863,860.575,430.287,-134.113,553.891,-207.389,7.77708e-308
1110.62,460.265,846.782,423.391,-134.698,555.308,-208.431,7.77708e-308
1113.05,456.795,835.822,417.911,-135.132,556.525,-209.445,7.77708e-308
1115.02,452.226,821.566,410.783,-135.433,557.51,-210.428,7.77708e-308
1116.93,448.751,810.198,405.099,-135.57,558.467,-211.365,7.77708e-308
1119.37,444.585,798.985,399.493,-135.579,559.687,-212.271,7.77708e-308
1121.32,438.943,784.555,392.278,-135.464,560.662,-213.15,7.77708e-308
1123.76,437.762,769.109,384.554,-135.193,561.879,-213.988,7.77708e-308
1125.77,434.741,757.08,378.54,-134.787,562.885,-214.803,7.77708e-308
1126.88,431.96,744.403,372.202,-134.261,563.44,-215.592,7.77708e-308
1128.1,429.403,728.096,364.048,-133.604,564.051,-216.344,7.77708e-308
1129.32,426.329,715.139,357.569,-132.821,564.66,-217.072,7.77708e-308
1129.93,423.791,701.011,350.505,-131.918,564.964,-217.763,7.77708e-308
1130.7,419.848,683.113,341.557,-130.907,565.352,-218.425,7.77708e-308
1131.67,416.205,668.774,334.387,-129.767,565.833,-219.047,7.77708e-308
1132.2,413.428,653.471,326.736,-128.53,566.099,-219.642,7.77708e-308
1133.25,408.941,634.553,317.277,-127.196,566.623,-220.206,7.77708e-308
1133.15,406.443,618.179,309.089,-125.751,566.573,-220.733,7.77708e-308
1134.06,402.52,597.942,298.971,-124.219,567.029,-221.226,7.77708e-308
1134.74,398.653,581.805,290.903,-122.587,567.372,-221.684,7.77708e-308
1135.08,395.104,564.587,282.293,-120.881,567.542,-222.123,7.77708e-308
1136.03,390.471,543.788,271.894,-119.103,568.014,-222.533,7.77708e-308
1136.53,386.473,522.035,261.017,-117.239,568.267,-222.923,7.77708e-308
1136.67,383.261,505.392,252.696,-115.295,568.336,-223.286,7.77708e-308
1136.6,378.924,487.955,243.978,-113.297,568.299,-223.628,7.77708e-308
1137.04,377.886,466.65,233.325,-111.245,568.519,-223.95,7.77708e-308
1136.8,375.103,449.486,224.743,-109.123,568.402,-224.254,7.77708e-308
1137.45,371.735,428.079,214.04,-106.953,568.726,-224.541,7.77708e-308
1137.1,370.883,410.941,205.47,-104.718,568.55,-224.812,7.77708e-308
1138,367.248,389.786,194.893,-102.442,568.998,-225.063,7.77708e-308
1137.78,366.337,371.447,185.724,-100.109,568.892,-225.305,7.77708e-308
1138.44,362.869,350.495,175.248,-97.7458,569.222,-225.525,7.77708e-308
1138.94,360.045,333.288,166.644,-95.3321,569.47,-225.737,7.77708e-308
1140,356.516,312.461,156.23,-92.8868,569.999,-225.94,7.77708e-308
1139.96,354.241,295.894,147.947,-90.3953,569.979,-226.135,7.77708e-308
1139.81,352.389,279.488,139.744,-87.8913,569.905,-226.313,7.77708e-308
1138.91,350.307,259.854,129.927,-85.3625,569.455,-226.475,7.77708e-308
1137.87,348.71,244.244,122.122,-82.8093,568.936,-226.62,7.77708e-308
1135.77,345.609,225.438,112.719,-80.2368,567.885,-226.747,7.77708e-308
1134.52,343.31,210.82,105.41,-77.6297,567.262,-226.846,7.77708e-308
1132.03,340.315,192.84,96.4199,-75.0218,566.014,-226.926,7.77708e-308
1129.88,337.715,178.917,89.4587,-72.4024,564.941,-226.976,7.77708e-308
1126.68,336.759,165.032,82.5162,-69.7744,563.34,-227.001,7.77708e-308
1123.59,334.973,151.451,75.7257,-67.1409,561.796,-227,7.77708e-308
1121.22,331.892,138.226,69.1132,-64.5198,560.608,-226.973,7.77708e-308
1117.69,331.652,125.59,62.7949,-61.8975,558.845,-226.924,7.77708e-308
1112.98,329.935,110.436,55.2178,-59.2819,556.49,-226.849,7.77708e-308
1109.58,328.522,98.3931,49.1966,-56.6788,554.788,-226.742,7.77708e-308
1104.83,325.95,83.7244,41.8622,-54.0862,552.416,-226.608,7.77708e-308
1100.49,325.641,72.3036,36.1518,-51.4964,550.244,-226.442,7.77708e-308
1096.49,323.603,61.0367,30.5184,-48.9408,548.244,-226.244,7.77708e-308
1090.32,321.251,45.8788,22.9394,-46.4083,545.161,-226.022,7.77708e-308
1084.25,323.996,35.5785,17.7892,-43.8989,542.127,-225.757,7.77708e-308
1075.57,323.688,21.2921,10.646,-41.4161,537.787,-225.451,7.77708e-308
1068.07,323.699,9.60711,4.80355,-38.9465,534.033,-225.09,7.77708e-308
1060,322.809,-1.75036,-0.875182,-36.5185,530.002,-224.678,7.77708e-308
1048.21,324.059,-16.9361,-8.46803,-34.1376,524.104,-224.214,7.77708e-308
1038.55,324.27,-28.773,-14.3865,-31.7634,519.274,-223.678,7.77708e-308
1028.32,324.498,-40.7641,-20.382,-29.4146,514.161,-223.084,7.77708e-308
1015.47,323.484,-55.6307,-27.8154,-27.1082,507.736,-222.425,7.77708e-308
1003.84,324.498,-67.4636,-33.7318,-24.8122,501.919,-221.69,7.77708e-308
989.341,324.708,-82.1952,-41.0976,-22.5598,494.671,-220.88,7.77708e-308
976.772,324.982,-93.9583,-46.9792,-20.3182,488.386,-219.984,7.77708e-308
959.394,325.014,-108.229,-54.1146,-18.1194,479.697,-219.007,7.77708e-308
944.402,325.736,-119.917,-59.9586,-15.939,472.201,-217.926,7.77708e-308
924.22,326.087,-133.485,-66.7427,-13.8008,462.11,-216.75,7.77708e-308
906.964,326.493,-144.246,-72.1231,-11.6791,453.482,-215.449,7.77708e-308
889.085,326.14,-154.419,-77.2095,-9.60317,444.542,-214.036,7.77708e-308
869.759,328.407,-164.547,-82.2734,-7.55629,434.88,-212.516,7.77708e-308
850.7,327.133,-174.791,-87.3954,-5.53794,425.35,-210.879,7.77708e-308
825.415,328.862,-186.851,-93.4254,-3.56229,412.707,-209.132,7.77708e-308
805.525,331.07,-196.147,-98.0735,-1.60277,402.762,-207.239,7.77708e-308
778.588,332.789,-207.372,-103.686,0.313528,389.294,-205.237,7.77708e-308
757.97,334.773,-216.97,-108.485,2.2144,378.985,-203.08,7.77708e-308
732.075,336.272,-228.352,-114.176,4.07717,366.037,-200.813,7.77708e-308
711.009,338.503,-237.869,-118.934,5.9284,355.504,-198.402,7.77708e-308
685.061,342.775,-248.65,-124.325,7.75977,342.531,-195.883,7.77708e-308
663.977,345.516,-258.114,-129.057,9.57841,331.989,-193.225,7.77708e-308
643.268,345.394,-267.22,-133.61,11.38,321.634,-190.454,7.77708e-308
617.134,344.513,-279.299,-139.65,13.1655,308.567,-187.579,7.77708e-308
595.732,347.387,-286.9,-143.45,14.937,297.866,-184.574,7.77708e-308
569.969,344.789,-297.614,-148.807,16.6883,284.985,-181.459,7.77708e-308
548.602,348.313,-304.696,-152.348,18.4217,274.301,-178.218,7.77708e-308
522.789,346.073,-314.328,-157.164,20.1353,261.394,-174.873,7.77708e-308
501.904,346.579,-320.953,-160.476,21.8415,250.952,-171.396,7.77708e-308
475.344,347.264,-328.509,-164.254,23.5089,237.672,-167.83,7.77708e-308
455.456,346.08,-333.922,-166.961,25.1639,227.728,-164.14,7.77708e-308
429.49,348.852,-339.566,-169.783,26.7785,214.745,-160.381,7.77708e-308
409.839,348.699,-344.159,-172.08,28.3656,204.92,-156.511,7.77708e-308
385.329,347.913,-349.774,-174.887,29.922,192.665,-152.571,7.77708e-308
